"Usuario Bloqueado","Nombre del Servidor","Hora del Bloqueo",Cantidad
root,"ARL-PROXY-P01","Feb 3, 2025 @ 04:35:49.816",1
root,"ARL-PROXY-P01","Feb 3, 2025 @ 02:09:32.815",1
root,"ARL-PROXY-P01","Feb 3, 2025 @ 00:41:31.281",1
amaciel,"USL-SVSFTP-P01","Feb 3, 2025 @ 00:39:36.507",1
amaciel,"USL-SVSFTP-P01","Feb 3, 2025 @ 00:28:56.838",1
amaciel,"USL-SVSFTP-P01","Feb 3, 2025 @ 00:19:24.251",1
amaciel,"USL-SVSFTP-P01","Feb 3, 2025 @ 00:09:13.682",1
root,"USL-SVSFTP-P01","Feb 3, 2025 @ 00:07:37.498",1
root,"USL-SVSFTP-P01","Feb 3, 2025 @ 00:06:17.412",1
amaciel,"USL-SVSFTP-P01","Feb 2, 2025 @ 23:59:47.292",1
root,"ARL-PROXY-P01","Feb 2, 2025 @ 22:00:05.569",1
root,"ARL-PROXY-P01","Feb 2, 2025 @ 21:02:51.795",1
